{"cameraMode":{"drawMode":0,"name":"Shaded","section":"Shading Mode"},"sceneLighting":true,"audioPlay":false,"sceneViewState":{"showFog":true,"showMaterialUpdate":false,"showSkybox":true,"showFlares":true,"showImageEffects":true,"showParticleSystems":true},"in2DMode":false,"pivot":{"x":-0.41163188219070437,"y":3.081835985183716,"z":-1.7107013463974},"rotation":{"x":0.22061342000961305,"y":0.38249993324279787,"z":-0.09457681328058243,"w":0.8922329545021057},"size":3.9983327388763429,"orthographic":true}