{"cameraMode":{"drawMode":0,"name":"Shaded","section":"Shading Mode"},"sceneLighting":true,"audioPlay":false,"sceneViewState":{"showFog":true,"showMaterialUpdate":false,"showSkybox":true,"showFlares":true,"showImageEffects":true,"showParticleSystems":true},"in2DMode":false,"pivot":{"x":0.0,"y":1.183000087738037,"z":0.15000000596046449},"rotation":{"x":0.0074974955059587959,"y":0.02549651823937893,"z":-0.0001912272855406627,"w":0.999646782875061},"size":1.2932517528533936,"orthographic":true}